"TOT Erhverv i alt";"2022";"Natbefolkning (bopælskommune)";"København";192335;191854
"TOT Erhverv i alt";"2022";"Natbefolkning (bopælskommune)";"Frederiksberg";29049;30125
"TOT Erhverv i alt";"2022";"Natbefolkning (bopælskommune)";"Dragør";3746;3605
"TOT Erhverv i alt";"2022";"Natbefolkning (bopælskommune)";"Tårnby";11389;10947
"TOT Erhverv i alt";"2022";"Natbefolkning (bopælskommune)";"Albertslund";7105;6557
"TOT Erhverv i alt";"2022";"Natbefolkning (bopælskommune)";"Ballerup";13006;12049
"TOT Erhverv i alt";"2022";"Natbefolkning (bopælskommune)";"Brøndby";9540;8606
"TOT Erhverv i alt";"2022";"Natbefolkning (bopælskommune)";"Gentofte";19256;19357
"TOT Erhverv i alt";"2022";"Natbefolkning (bopælskommune)";"Gladsaxe";19330;17928
"TOT Erhverv i alt";"2022";"Natbefolkning (bopælskommune)";"Glostrup";6616;5895
"TOT Erhverv i alt";"2022";"Natbefolkning (bopælskommune)";"Herlev";7689;7241
"TOT Erhverv i alt";"2022";"Natbefolkning (bopælskommune)";"Hvidovre";14216;13322
"TOT Erhverv i alt";"2022";"Natbefolkning (bopælskommune)";"Høje-Taastrup";15516;13405
"TOT Erhverv i alt";"2022";"Natbefolkning (bopælskommune)";"Ishøj";6235;5546
"TOT Erhverv i alt";"2022";"Natbefolkning (bopælskommune)";"Lyngby-Taarbæk";15611;14773
"TOT Erhverv i alt";"2022";"Natbefolkning (bopælskommune)";"Rødovre";11367;10911
"TOT Erhverv i alt";"2022";"Natbefolkning (bopælskommune)";"Vallensbæk";4581;4203
"TOT Erhverv i alt";"2022";"Natbefolkning (bopælskommune)";"Allerød";7001;6741
"TOT Erhverv i alt";"2022";"Natbefolkning (bopælskommune)";"Egedal";12773;11930
"TOT Erhverv i alt";"2022";"Natbefolkning (bopælskommune)";"Fredensborg";10798;10408
"TOT Erhverv i alt";"2022";"Natbefolkning (bopælskommune)";"Frederikssund";12384;11354
"TOT Erhverv i alt";"2022";"Natbefolkning (bopælskommune)";"Furesø";10898;10615
"TOT Erhverv i alt";"2022";"Natbefolkning (bopælskommune)";"Gribskov";11032;9917
"TOT Erhverv i alt";"2022";"Natbefolkning (bopælskommune)";"Halsnæs";8114;7308
"TOT Erhverv i alt";"2022";"Natbefolkning (bopælskommune)";"Helsingør";16241;15578
"TOT Erhverv i alt";"2022";"Natbefolkning (bopælskommune)";"Hillerød";15081;14471
"TOT Erhverv i alt";"2022";"Natbefolkning (bopælskommune)";"Hørsholm";6050;6113
"TOT Erhverv i alt";"2022";"Natbefolkning (bopælskommune)";"Rudersdal";14840;14158
"TOT Erhverv i alt";"2022";"Natbefolkning (bopælskommune)";"Bornholm";9429;8407
"TOT Erhverv i alt";"2022";"Natbefolkning (bopælskommune)";"Christiansø";26;20
"TOT Erhverv i alt";"2022";"Natbefolkning (bopælskommune)";"Greve";13753;12908
"TOT Erhverv i alt";"2022";"Natbefolkning (bopælskommune)";"Køge";17303;15525
"TOT Erhverv i alt";"2022";"Natbefolkning (bopælskommune)";"Lejre";7955;7171
"TOT Erhverv i alt";"2022";"Natbefolkning (bopælskommune)";"Roskilde";24711;23677
"TOT Erhverv i alt";"2022";"Natbefolkning (bopælskommune)";"Solrød";6638;6257
"TOT Erhverv i alt";"2022";"Natbefolkning (bopælskommune)";"Faxe";10605;8743
"TOT Erhverv i alt";"2022";"Natbefolkning (bopælskommune)";"Guldborgsund";15052;13007
"TOT Erhverv i alt";"2022";"Natbefolkning (bopælskommune)";"Holbæk";19816;18015
"TOT Erhverv i alt";"2022";"Natbefolkning (bopælskommune)";"Kalundborg";12526;10795
"TOT Erhverv i alt";"2022";"Natbefolkning (bopælskommune)";"Lolland";9188;7685
"TOT Erhverv i alt";"2022";"Natbefolkning (bopælskommune)";"Næstved";22704;20349
"TOT Erhverv i alt";"2022";"Natbefolkning (bopælskommune)";"Odsherred";8152;6859
"TOT Erhverv i alt";"2022";"Natbefolkning (bopælskommune)";"Ringsted";10462;8949
"TOT Erhverv i alt";"2022";"Natbefolkning (bopælskommune)";"Slagelse";21022;18631
"TOT Erhverv i alt";"2022";"Natbefolkning (bopælskommune)";"Sorø";8302;7267
"TOT Erhverv i alt";"2022";"Natbefolkning (bopælskommune)";"Stevns";6508;5595
"TOT Erhverv i alt";"2022";"Natbefolkning (bopælskommune)";"Vordingborg";11480;9927
"TOT Erhverv i alt";"2022";"Natbefolkning (bopælskommune)";"Assens";11008;9348
"TOT Erhverv i alt";"2022";"Natbefolkning (bopælskommune)";"Faaborg-Midtfyn";13756;11813
"TOT Erhverv i alt";"2022";"Natbefolkning (bopælskommune)";"Kerteminde";6148;5521
"TOT Erhverv i alt";"2022";"Natbefolkning (bopælskommune)";"Langeland";2906;2401
"TOT Erhverv i alt";"2022";"Natbefolkning (bopælskommune)";"Middelfart";11032;9700
"TOT Erhverv i alt";"2022";"Natbefolkning (bopælskommune)";"Nordfyns";8107;6797
"TOT Erhverv i alt";"2022";"Natbefolkning (bopælskommune)";"Nyborg";8090;7234
"TOT Erhverv i alt";"2022";"Natbefolkning (bopælskommune)";"Odense";54320;51124
"TOT Erhverv i alt";"2022";"Natbefolkning (bopælskommune)";"Svendborg";14816;13377
"TOT Erhverv i alt";"2022";"Natbefolkning (bopælskommune)";"Ærø";1379;1208
"TOT Erhverv i alt";"2022";"Natbefolkning (bopælskommune)";"Billund";7867;6470
"TOT Erhverv i alt";"2022";"Natbefolkning (bopælskommune)";"Esbjerg";31506;27847
"TOT Erhverv i alt";"2022";"Natbefolkning (bopælskommune)";"Fanø";780;744
"TOT Erhverv i alt";"2022";"Natbefolkning (bopælskommune)";"Fredericia";13949;12162
"TOT Erhverv i alt";"2022";"Natbefolkning (bopælskommune)";"Haderslev";14726;12656
"TOT Erhverv i alt";"2022";"Natbefolkning (bopælskommune)";"Kolding";26489;23653
"TOT Erhverv i alt";"2022";"Natbefolkning (bopælskommune)";"Sønderborg";18946;16424
"TOT Erhverv i alt";"2022";"Natbefolkning (bopælskommune)";"Tønder";9684;8116
"TOT Erhverv i alt";"2022";"Natbefolkning (bopælskommune)";"Varde";14454;11898
"TOT Erhverv i alt";"2022";"Natbefolkning (bopælskommune)";"Vejen";12690;10151
"TOT Erhverv i alt";"2022";"Natbefolkning (bopælskommune)";"Vejle";34057;30059
"TOT Erhverv i alt";"2022";"Natbefolkning (bopælskommune)";"Aabenraa";15260;13116
"TOT Erhverv i alt";"2022";"Natbefolkning (bopælskommune)";"Favrskov";14127;12341
"TOT Erhverv i alt";"2022";"Natbefolkning (bopælskommune)";"Hedensted";14345;11781
"TOT Erhverv i alt";"2022";"Natbefolkning (bopælskommune)";"Horsens";27061;23385
"TOT Erhverv i alt";"2022";"Natbefolkning (bopælskommune)";"Norddjurs";9902;8351
"TOT Erhverv i alt";"2022";"Natbefolkning (bopælskommune)";"Odder";6272;5645
"TOT Erhverv i alt";"2022";"Natbefolkning (bopælskommune)";"Randers";27001;23778
"TOT Erhverv i alt";"2022";"Natbefolkning (bopælskommune)";"Samsø";946;790
"TOT Erhverv i alt";"2022";"Natbefolkning (bopælskommune)";"Silkeborg";27667;24873
"TOT Erhverv i alt";"2022";"Natbefolkning (bopælskommune)";"Skanderborg";17949;16469
"TOT Erhverv i alt";"2022";"Natbefolkning (bopælskommune)";"Syddjurs";11699;10254
"TOT Erhverv i alt";"2022";"Natbefolkning (bopælskommune)";"Aarhus";99378;96013
"TOT Erhverv i alt";"2022";"Natbefolkning (bopælskommune)";"Herning";25968;21946
"TOT Erhverv i alt";"2022";"Natbefolkning (bopælskommune)";"Holstebro";16360;14328
"TOT Erhverv i alt";"2022";"Natbefolkning (bopælskommune)";"Ikast-Brande";12102;9943
"TOT Erhverv i alt";"2022";"Natbefolkning (bopælskommune)";"Lemvig";5447;4406
"TOT Erhverv i alt";"2022";"Natbefolkning (bopælskommune)";"Ringkøbing-Skjern";16425;13463
"TOT Erhverv i alt";"2022";"Natbefolkning (bopælskommune)";"Skive";12539;10200
"TOT Erhverv i alt";"2022";"Natbefolkning (bopælskommune)";"Struer";5477;4594
"TOT Erhverv i alt";"2022";"Natbefolkning (bopælskommune)";"Viborg";27160;23399
"TOT Erhverv i alt";"2022";"Natbefolkning (bopælskommune)";"Brønderslev";9879;8327
"TOT Erhverv i alt";"2022";"Natbefolkning (bopælskommune)";"Frederikshavn";14980;12635
"TOT Erhverv i alt";"2022";"Natbefolkning (bopælskommune)";"Hjørring";16884;14807
"TOT Erhverv i alt";"2022";"Natbefolkning (bopælskommune)";"Jammerbugt";10077;8773
"TOT Erhverv i alt";"2022";"Natbefolkning (bopælskommune)";"Læsø";417;368
"TOT Erhverv i alt";"2022";"Natbefolkning (bopælskommune)";"Mariagerfjord";11604;9599
"TOT Erhverv i alt";"2022";"Natbefolkning (bopælskommune)";"Morsø";5369;4351
"TOT Erhverv i alt";"2022";"Natbefolkning (bopælskommune)";"Rebild";8825;7409
"TOT Erhverv i alt";"2022";"Natbefolkning (bopælskommune)";"Thisted";11980;9867
"TOT Erhverv i alt";"2022";"Natbefolkning (bopælskommune)";"Vesthimmerlands";10075;8111
"TOT Erhverv i alt";"2022";"Natbefolkning (bopælskommune)";"Aalborg";61147;55019
"TOT Erhverv i alt";"2022";"Indpendling";"København";104716;99832
"TOT Erhverv i alt";"2022";"Indpendling";"Frederiksberg";15703;18302
"TOT Erhverv i alt";"2022";"Indpendling";"Dragør";870;764
"TOT Erhverv i alt";"2022";"Indpendling";"Tårnby";11970;7317
"TOT Erhverv i alt";"2022";"Indpendling";"Albertslund";12357;5864
"TOT Erhverv i alt";"2022";"Indpendling";"Ballerup";24405;17220
"TOT Erhverv i alt";"2022";"Indpendling";"Brøndby";15186;8251
"TOT Erhverv i alt";"2022";"Indpendling";"Gentofte";16419;17148
"TOT Erhverv i alt";"2022";"Indpendling";"Gladsaxe";21701;16331
"TOT Erhverv i alt";"2022";"Indpendling";"Glostrup";9861;8344
"TOT Erhverv i alt";"2022";"Indpendling";"Herlev";10286;10422
"TOT Erhverv i alt";"2022";"Indpendling";"Hvidovre";14640;9912
"TOT Erhverv i alt";"2022";"Indpendling";"Høje-Taastrup";18830;13021
"TOT Erhverv i alt";"2022";"Indpendling";"Ishøj";4796;2559
"TOT Erhverv i alt";"2022";"Indpendling";"Lyngby-Taarbæk";16033;13324
"TOT Erhverv i alt";"2022";"Indpendling";"Rødovre";7909;5391
"TOT Erhverv i alt";"2022";"Indpendling";"Vallensbæk";2242;2237
"TOT Erhverv i alt";"2022";"Indpendling";"Allerød";6765;4698
"TOT Erhverv i alt";"2022";"Indpendling";"Egedal";3879;3242
"TOT Erhverv i alt";"2022";"Indpendling";"Fredensborg";3781;4205
"TOT Erhverv i alt";"2022";"Indpendling";"Frederikssund";4209;2995
"TOT Erhverv i alt";"2022";"Indpendling";"Furesø";5176;4237
"TOT Erhverv i alt";"2022";"Indpendling";"Gribskov";2511;1936
"TOT Erhverv i alt";"2022";"Indpendling";"Halsnæs";1488;1340
"TOT Erhverv i alt";"2022";"Indpendling";"Helsingør";4547;4005
"TOT Erhverv i alt";"2022";"Indpendling";"Hillerød";11011;11375
"TOT Erhverv i alt";"2022";"Indpendling";"Hørsholm";3375;3517
"TOT Erhverv i alt";"2022";"Indpendling";"Rudersdal";10653;9531
"TOT Erhverv i alt";"2022";"Indpendling";"Bornholm";624;289
"TOT Erhverv i alt";"2022";"Indpendling";"Christiansø";1;2
"TOT Erhverv i alt";"2022";"Indpendling";"Greve";8061;4734
"TOT Erhverv i alt";"2022";"Indpendling";"Køge";10386;8105
"TOT Erhverv i alt";"2022";"Indpendling";"Lejre";2292;2261
"TOT Erhverv i alt";"2022";"Indpendling";"Roskilde";13840;12877
"TOT Erhverv i alt";"2022";"Indpendling";"Solrød";2091;1998
"TOT Erhverv i alt";"2022";"Indpendling";"Faxe";3553;2691
"TOT Erhverv i alt";"2022";"Indpendling";"Guldborgsund";2630;2509
"TOT Erhverv i alt";"2022";"Indpendling";"Holbæk";5636;5626
"TOT Erhverv i alt";"2022";"Indpendling";"Kalundborg";4149;2915
"TOT Erhverv i alt";"2022";"Indpendling";"Lolland";2256;1739
"TOT Erhverv i alt";"2022";"Indpendling";"Næstved";5011;4663
"TOT Erhverv i alt";"2022";"Indpendling";"Odsherred";1878;1691
"TOT Erhverv i alt";"2022";"Indpendling";"Ringsted";6167;4206
"TOT Erhverv i alt";"2022";"Indpendling";"Slagelse";6619;5744
"TOT Erhverv i alt";"2022";"Indpendling";"Sorø";3526;3105
"TOT Erhverv i alt";"2022";"Indpendling";"Stevns";1168;1007
"TOT Erhverv i alt";"2022";"Indpendling";"Vordingborg";2837;2594
"TOT Erhverv i alt";"2022";"Indpendling";"Assens";3331;2563
"TOT Erhverv i alt";"2022";"Indpendling";"Faaborg-Midtfyn";4192;3402
"TOT Erhverv i alt";"2022";"Indpendling";"Kerteminde";3259;1974
"TOT Erhverv i alt";"2022";"Indpendling";"Langeland";511;533
"TOT Erhverv i alt";"2022";"Indpendling";"Middelfart";5079;3951
"TOT Erhverv i alt";"2022";"Indpendling";"Nordfyns";2061;1545
"TOT Erhverv i alt";"2022";"Indpendling";"Nyborg";2157;2060
"TOT Erhverv i alt";"2022";"Indpendling";"Odense";21437;17412
"TOT Erhverv i alt";"2022";"Indpendling";"Svendborg";3305;3324
"TOT Erhverv i alt";"2022";"Indpendling";"Ærø";124;109
"TOT Erhverv i alt";"2022";"Indpendling";"Billund";6253;5198
"TOT Erhverv i alt";"2022";"Indpendling";"Esbjerg";9997;6281
"TOT Erhverv i alt";"2022";"Indpendling";"Fanø";137;246
"TOT Erhverv i alt";"2022";"Indpendling";"Fredericia";10280;5329
"TOT Erhverv i alt";"2022";"Indpendling";"Haderslev";4382;3189
"TOT Erhverv i alt";"2022";"Indpendling";"Kolding";14430;9958
"TOT Erhverv i alt";"2022";"Indpendling";"Sønderborg";2814;2120
"TOT Erhverv i alt";"2022";"Indpendling";"Tønder";1886;1916
"TOT Erhverv i alt";"2022";"Indpendling";"Varde";3924;2755
"TOT Erhverv i alt";"2022";"Indpendling";"Vejen";5186;3312
"TOT Erhverv i alt";"2022";"Indpendling";"Vejle";13386;10214
"TOT Erhverv i alt";"2022";"Indpendling";"Aabenraa";5616;4967
"TOT Erhverv i alt";"2022";"Indpendling";"Favrskov";6211;4717
"TOT Erhverv i alt";"2022";"Indpendling";"Hedensted";6505;3998
"TOT Erhverv i alt";"2022";"Indpendling";"Horsens";10357;7817
"TOT Erhverv i alt";"2022";"Indpendling";"Norddjurs";2151;1772
"TOT Erhverv i alt";"2022";"Indpendling";"Odder";1482;1341
"TOT Erhverv i alt";"2022";"Indpendling";"Randers";6796;5691
"TOT Erhverv i alt";"2022";"Indpendling";"Samsø";149;101
"TOT Erhverv i alt";"2022";"Indpendling";"Silkeborg";8458;5923
"TOT Erhverv i alt";"2022";"Indpendling";"Skanderborg";9162;6444
"TOT Erhverv i alt";"2022";"Indpendling";"Syddjurs";2670;2473
"TOT Erhverv i alt";"2022";"Indpendling";"Aarhus";43775;29968
"TOT Erhverv i alt";"2022";"Indpendling";"Herning";10830;9402
"TOT Erhverv i alt";"2022";"Indpendling";"Holstebro";5780;4191
"TOT Erhverv i alt";"2022";"Indpendling";"Ikast-Brande";7364;5542
"TOT Erhverv i alt";"2022";"Indpendling";"Lemvig";1119;915
"TOT Erhverv i alt";"2022";"Indpendling";"Ringkøbing-Skjern";5135;3237
"TOT Erhverv i alt";"2022";"Indpendling";"Skive";3974;2116
"TOT Erhverv i alt";"2022";"Indpendling";"Struer";1743;1459
"TOT Erhverv i alt";"2022";"Indpendling";"Viborg";9826;7237
"TOT Erhverv i alt";"2022";"Indpendling";"Brønderslev";2776;2699
"TOT Erhverv i alt";"2022";"Indpendling";"Frederikshavn";4303;2261
"TOT Erhverv i alt";"2022";"Indpendling";"Hjørring";4121;3935
"TOT Erhverv i alt";"2022";"Indpendling";"Jammerbugt";2393;2001
"TOT Erhverv i alt";"2022";"Indpendling";"Læsø";70;32
"TOT Erhverv i alt";"2022";"Indpendling";"Mariagerfjord";4980;3484
"TOT Erhverv i alt";"2022";"Indpendling";"Morsø";1570;1130
"TOT Erhverv i alt";"2022";"Indpendling";"Rebild";3653;2634
"TOT Erhverv i alt";"2022";"Indpendling";"Thisted";2068;1613
"TOT Erhverv i alt";"2022";"Indpendling";"Vesthimmerlands";3433;2404
"TOT Erhverv i alt";"2022";"Indpendling";"Aalborg";18313;12741
"TOT Erhverv i alt";"2022";"Udpendling";"København";78076;63814
"TOT Erhverv i alt";"2022";"Udpendling";"Frederiksberg";24036;24509
"TOT Erhverv i alt";"2022";"Udpendling";"Dragør";2924;2756
"TOT Erhverv i alt";"2022";"Udpendling";"Tårnby";7988;7677
"TOT Erhverv i alt";"2022";"Udpendling";"Albertslund";5402;4849
"TOT Erhverv i alt";"2022";"Udpendling";"Ballerup";9415;7958
"TOT Erhverv i alt";"2022";"Udpendling";"Brøndby";7432;6539
"TOT Erhverv i alt";"2022";"Udpendling";"Gentofte";14166;13622
"TOT Erhverv i alt";"2022";"Udpendling";"Gladsaxe";14597;12928
"TOT Erhverv i alt";"2022";"Udpendling";"Glostrup";5461;4603
"TOT Erhverv i alt";"2022";"Udpendling";"Herlev";6001;5260
"TOT Erhverv i alt";"2022";"Udpendling";"Hvidovre";10939;9639
"TOT Erhverv i alt";"2022";"Udpendling";"Høje-Taastrup";11340;9041
"TOT Erhverv i alt";"2022";"Udpendling";"Ishøj";4936;4185
"TOT Erhverv i alt";"2022";"Udpendling";"Lyngby-Taarbæk";11226;10430
"TOT Erhverv i alt";"2022";"Udpendling";"Rødovre";9135;8512
"TOT Erhverv i alt";"2022";"Udpendling";"Vallensbæk";3970;3509
"TOT Erhverv i alt";"2022";"Udpendling";"Allerød";5186;4846
"TOT Erhverv i alt";"2022";"Udpendling";"Egedal";10043;9042
"TOT Erhverv i alt";"2022";"Udpendling";"Fredensborg";7989;7165
"TOT Erhverv i alt";"2022";"Udpendling";"Frederikssund";7774;6431
"TOT Erhverv i alt";"2022";"Udpendling";"Furesø";8271;7623
"TOT Erhverv i alt";"2022";"Udpendling";"Gribskov";6507;5524
"TOT Erhverv i alt";"2022";"Udpendling";"Halsnæs";4587;3839
"TOT Erhverv i alt";"2022";"Udpendling";"Helsingør";8817;7582
"TOT Erhverv i alt";"2022";"Udpendling";"Hillerød";9103;7564
"TOT Erhverv i alt";"2022";"Udpendling";"Hørsholm";4507;4297
"TOT Erhverv i alt";"2022";"Udpendling";"Rudersdal";10912;10102
"TOT Erhverv i alt";"2022";"Udpendling";"Bornholm";927;393
"TOT Erhverv i alt";"2022";"Udpendling";"Christiansø";7;4
"TOT Erhverv i alt";"2022";"Udpendling";"Greve";10418;9186
"TOT Erhverv i alt";"2022";"Udpendling";"Køge";10658;8475
"TOT Erhverv i alt";"2022";"Udpendling";"Lejre";5809;5128
"TOT Erhverv i alt";"2022";"Udpendling";"Roskilde";15889;13032
"TOT Erhverv i alt";"2022";"Udpendling";"Solrød";5313;4808
"TOT Erhverv i alt";"2022";"Udpendling";"Faxe";6675;4836
"TOT Erhverv i alt";"2022";"Udpendling";"Guldborgsund";5522;3436
"TOT Erhverv i alt";"2022";"Udpendling";"Holbæk";10899;7821
"TOT Erhverv i alt";"2022";"Udpendling";"Kalundborg";4970;3761
"TOT Erhverv i alt";"2022";"Udpendling";"Lolland";2817;1540
"TOT Erhverv i alt";"2022";"Udpendling";"Næstved";11604;8069
"TOT Erhverv i alt";"2022";"Udpendling";"Odsherred";3963;2622
"TOT Erhverv i alt";"2022";"Udpendling";"Ringsted";6293;5068
"TOT Erhverv i alt";"2022";"Udpendling";"Slagelse";9549;6062
"TOT Erhverv i alt";"2022";"Udpendling";"Sorø";5405;4164
"TOT Erhverv i alt";"2022";"Udpendling";"Stevns";4315;3456
"TOT Erhverv i alt";"2022";"Udpendling";"Vordingborg";5738;3729
"TOT Erhverv i alt";"2022";"Udpendling";"Assens";5861;4530
"TOT Erhverv i alt";"2022";"Udpendling";"Faaborg-Midtfyn";7661;6068
"TOT Erhverv i alt";"2022";"Udpendling";"Kerteminde";3507;3102
"TOT Erhverv i alt";"2022";"Udpendling";"Langeland";1102;666
"TOT Erhverv i alt";"2022";"Udpendling";"Middelfart";5864;4435
"TOT Erhverv i alt";"2022";"Udpendling";"Nordfyns";4664;3620
"TOT Erhverv i alt";"2022";"Udpendling";"Nyborg";4478;3445
"TOT Erhverv i alt";"2022";"Udpendling";"Odense";17182;11595
"TOT Erhverv i alt";"2022";"Udpendling";"Svendborg";6266;3930
"TOT Erhverv i alt";"2022";"Udpendling";"Ærø";312;90
"TOT Erhverv i alt";"2022";"Udpendling";"Billund";2899;1911
"TOT Erhverv i alt";"2022";"Udpendling";"Esbjerg";7436;4811
"TOT Erhverv i alt";"2022";"Udpendling";"Fanø";417;320
"TOT Erhverv i alt";"2022";"Udpendling";"Fredericia";6252;5019
"TOT Erhverv i alt";"2022";"Udpendling";"Haderslev";6590;4595
"TOT Erhverv i alt";"2022";"Udpendling";"Kolding";10251;7295
"TOT Erhverv i alt";"2022";"Udpendling";"Sønderborg";3872;2576
"TOT Erhverv i alt";"2022";"Udpendling";"Tønder";3019;1965
"TOT Erhverv i alt";"2022";"Udpendling";"Varde";5955;4398
"TOT Erhverv i alt";"2022";"Udpendling";"Vejen";5815;4403
"TOT Erhverv i alt";"2022";"Udpendling";"Vejle";16310;11500
"TOT Erhverv i alt";"2022";"Udpendling";"Aabenraa";5057;3494
"TOT Erhverv i alt";"2022";"Udpendling";"Favrskov";9052;7434
"TOT Erhverv i alt";"2022";"Udpendling";"Hedensted";7461;6148
"TOT Erhverv i alt";"2022";"Udpendling";"Horsens";11826;8137
"TOT Erhverv i alt";"2022";"Udpendling";"Norddjurs";3792;2631
"TOT Erhverv i alt";"2022";"Udpendling";"Odder";3625;2856
"TOT Erhverv i alt";"2022";"Udpendling";"Randers";12229;7519
"TOT Erhverv i alt";"2022";"Udpendling";"Samsø";161;91
"TOT Erhverv i alt";"2022";"Udpendling";"Silkeborg";12923;9694
"TOT Erhverv i alt";"2022";"Udpendling";"Skanderborg";10869;9290
"TOT Erhverv i alt";"2022";"Udpendling";"Syddjurs";6774;5160
"TOT Erhverv i alt";"2022";"Udpendling";"Aarhus";25081;19001
"TOT Erhverv i alt";"2022";"Udpendling";"Herning";9211;6377
"TOT Erhverv i alt";"2022";"Udpendling";"Holstebro";6105;4839
"TOT Erhverv i alt";"2022";"Udpendling";"Ikast-Brande";6093;4349
"TOT Erhverv i alt";"2022";"Udpendling";"Lemvig";1576;1156
"TOT Erhverv i alt";"2022";"Udpendling";"Ringkøbing-Skjern";4158;2812
"TOT Erhverv i alt";"2022";"Udpendling";"Skive";3938;2743
"TOT Erhverv i alt";"2022";"Udpendling";"Struer";2803;2074
"TOT Erhverv i alt";"2022";"Udpendling";"Viborg";9599;5968
"TOT Erhverv i alt";"2022";"Udpendling";"Brønderslev";5720;4264
"TOT Erhverv i alt";"2022";"Udpendling";"Frederikshavn";4165;2567
"TOT Erhverv i alt";"2022";"Udpendling";"Hjørring";5317;3151
"TOT Erhverv i alt";"2022";"Udpendling";"Jammerbugt";5013;3680
"TOT Erhverv i alt";"2022";"Udpendling";"Læsø";71;33
"TOT Erhverv i alt";"2022";"Udpendling";"Mariagerfjord";4605;3320
"TOT Erhverv i alt";"2022";"Udpendling";"Morsø";1548;1093
"TOT Erhverv i alt";"2022";"Udpendling";"Rebild";5438;4446
"TOT Erhverv i alt";"2022";"Udpendling";"Thisted";2084;1241
"TOT Erhverv i alt";"2022";"Udpendling";"Vesthimmerlands";3487;2427
"TOT Erhverv i alt";"2022";"Udpendling";"Aalborg";15269;10672
"TOT Erhverv i alt";"2022";"Dagbefolkning (arbejdsstedskommune)";"København";218975;227872
"TOT Erhverv i alt";"2022";"Dagbefolkning (arbejdsstedskommune)";"Frederiksberg";20716;23918
"TOT Erhverv i alt";"2022";"Dagbefolkning (arbejdsstedskommune)";"Dragør";1692;1613
"TOT Erhverv i alt";"2022";"Dagbefolkning (arbejdsstedskommune)";"Tårnby";15371;10587
"TOT Erhverv i alt";"2022";"Dagbefolkning (arbejdsstedskommune)";"Albertslund";14060;7572
"TOT Erhverv i alt";"2022";"Dagbefolkning (arbejdsstedskommune)";"Ballerup";27996;21311
"TOT Erhverv i alt";"2022";"Dagbefolkning (arbejdsstedskommune)";"Brøndby";17294;10318
"TOT Erhverv i alt";"2022";"Dagbefolkning (arbejdsstedskommune)";"Gentofte";21509;22883
"TOT Erhverv i alt";"2022";"Dagbefolkning (arbejdsstedskommune)";"Gladsaxe";26434;21331
"TOT Erhverv i alt";"2022";"Dagbefolkning (arbejdsstedskommune)";"Glostrup";11016;9636
"TOT Erhverv i alt";"2022";"Dagbefolkning (arbejdsstedskommune)";"Herlev";11974;12403
"TOT Erhverv i alt";"2022";"Dagbefolkning (arbejdsstedskommune)";"Hvidovre";17917;13595
"TOT Erhverv i alt";"2022";"Dagbefolkning (arbejdsstedskommune)";"Høje-Taastrup";23006;17385
"TOT Erhverv i alt";"2022";"Dagbefolkning (arbejdsstedskommune)";"Ishøj";6095;3920
"TOT Erhverv i alt";"2022";"Dagbefolkning (arbejdsstedskommune)";"Lyngby-Taarbæk";20418;17667
"TOT Erhverv i alt";"2022";"Dagbefolkning (arbejdsstedskommune)";"Rødovre";10141;7790
"TOT Erhverv i alt";"2022";"Dagbefolkning (arbejdsstedskommune)";"Vallensbæk";2853;2931
"TOT Erhverv i alt";"2022";"Dagbefolkning (arbejdsstedskommune)";"Allerød";8580;6593
"TOT Erhverv i alt";"2022";"Dagbefolkning (arbejdsstedskommune)";"Egedal";6609;6130
"TOT Erhverv i alt";"2022";"Dagbefolkning (arbejdsstedskommune)";"Fredensborg";6590;7448
"TOT Erhverv i alt";"2022";"Dagbefolkning (arbejdsstedskommune)";"Frederikssund";8819;7918
"TOT Erhverv i alt";"2022";"Dagbefolkning (arbejdsstedskommune)";"Furesø";7803;7229
"TOT Erhverv i alt";"2022";"Dagbefolkning (arbejdsstedskommune)";"Gribskov";7036;6329
"TOT Erhverv i alt";"2022";"Dagbefolkning (arbejdsstedskommune)";"Halsnæs";5015;4809
"TOT Erhverv i alt";"2022";"Dagbefolkning (arbejdsstedskommune)";"Helsingør";11971;12001
"TOT Erhverv i alt";"2022";"Dagbefolkning (arbejdsstedskommune)";"Hillerød";16989;18282
"TOT Erhverv i alt";"2022";"Dagbefolkning (arbejdsstedskommune)";"Hørsholm";4918;5333
"TOT Erhverv i alt";"2022";"Dagbefolkning (arbejdsstedskommune)";"Rudersdal";14581;13587
"TOT Erhverv i alt";"2022";"Dagbefolkning (arbejdsstedskommune)";"Bornholm";9126;8303
"TOT Erhverv i alt";"2022";"Dagbefolkning (arbejdsstedskommune)";"Christiansø";20;18
"TOT Erhverv i alt";"2022";"Dagbefolkning (arbejdsstedskommune)";"Greve";11396;8456
"TOT Erhverv i alt";"2022";"Dagbefolkning (arbejdsstedskommune)";"Køge";17031;15155
"TOT Erhverv i alt";"2022";"Dagbefolkning (arbejdsstedskommune)";"Lejre";4438;4304
"TOT Erhverv i alt";"2022";"Dagbefolkning (arbejdsstedskommune)";"Roskilde";22662;23522
"TOT Erhverv i alt";"2022";"Dagbefolkning (arbejdsstedskommune)";"Solrød";3416;3447
"TOT Erhverv i alt";"2022";"Dagbefolkning (arbejdsstedskommune)";"Faxe";7483;6598
"TOT Erhverv i alt";"2022";"Dagbefolkning (arbejdsstedskommune)";"Guldborgsund";12160;12080
"TOT Erhverv i alt";"2022";"Dagbefolkning (arbejdsstedskommune)";"Holbæk";14553;15820
"TOT Erhverv i alt";"2022";"Dagbefolkning (arbejdsstedskommune)";"Kalundborg";11705;9949
"TOT Erhverv i alt";"2022";"Dagbefolkning (arbejdsstedskommune)";"Lolland";8627;7884
"TOT Erhverv i alt";"2022";"Dagbefolkning (arbejdsstedskommune)";"Næstved";16111;16943
"TOT Erhverv i alt";"2022";"Dagbefolkning (arbejdsstedskommune)";"Odsherred";6067;5928
"TOT Erhverv i alt";"2022";"Dagbefolkning (arbejdsstedskommune)";"Ringsted";10336;8087
"TOT Erhverv i alt";"2022";"Dagbefolkning (arbejdsstedskommune)";"Slagelse";18092;18313
"TOT Erhverv i alt";"2022";"Dagbefolkning (arbejdsstedskommune)";"Sorø";6423;6208
"TOT Erhverv i alt";"2022";"Dagbefolkning (arbejdsstedskommune)";"Stevns";3361;3146
"TOT Erhverv i alt";"2022";"Dagbefolkning (arbejdsstedskommune)";"Vordingborg";8579;8792
"TOT Erhverv i alt";"2022";"Dagbefolkning (arbejdsstedskommune)";"Assens";8478;7381
"TOT Erhverv i alt";"2022";"Dagbefolkning (arbejdsstedskommune)";"Faaborg-Midtfyn";10287;9147
"TOT Erhverv i alt";"2022";"Dagbefolkning (arbejdsstedskommune)";"Kerteminde";5900;4393
"TOT Erhverv i alt";"2022";"Dagbefolkning (arbejdsstedskommune)";"Langeland";2315;2268
"TOT Erhverv i alt";"2022";"Dagbefolkning (arbejdsstedskommune)";"Middelfart";10247;9216
"TOT Erhverv i alt";"2022";"Dagbefolkning (arbejdsstedskommune)";"Nordfyns";5504;4722
"TOT Erhverv i alt";"2022";"Dagbefolkning (arbejdsstedskommune)";"Nyborg";5769;5849
"TOT Erhverv i alt";"2022";"Dagbefolkning (arbejdsstedskommune)";"Odense";58575;56941
"TOT Erhverv i alt";"2022";"Dagbefolkning (arbejdsstedskommune)";"Svendborg";11855;12771
"TOT Erhverv i alt";"2022";"Dagbefolkning (arbejdsstedskommune)";"Ærø";1191;1227
"TOT Erhverv i alt";"2022";"Dagbefolkning (arbejdsstedskommune)";"Billund";11221;9757
"TOT Erhverv i alt";"2022";"Dagbefolkning (arbejdsstedskommune)";"Esbjerg";34067;29317
"TOT Erhverv i alt";"2022";"Dagbefolkning (arbejdsstedskommune)";"Fanø";500;670
"TOT Erhverv i alt";"2022";"Dagbefolkning (arbejdsstedskommune)";"Fredericia";17977;12472
"TOT Erhverv i alt";"2022";"Dagbefolkning (arbejdsstedskommune)";"Haderslev";12518;11250
"TOT Erhverv i alt";"2022";"Dagbefolkning (arbejdsstedskommune)";"Kolding";30668;26316
"TOT Erhverv i alt";"2022";"Dagbefolkning (arbejdsstedskommune)";"Sønderborg";17888;15968
"TOT Erhverv i alt";"2022";"Dagbefolkning (arbejdsstedskommune)";"Tønder";8551;8067
"TOT Erhverv i alt";"2022";"Dagbefolkning (arbejdsstedskommune)";"Varde";12423;10255
"TOT Erhverv i alt";"2022";"Dagbefolkning (arbejdsstedskommune)";"Vejen";12061;9060
"TOT Erhverv i alt";"2022";"Dagbefolkning (arbejdsstedskommune)";"Vejle";31133;28773
"TOT Erhverv i alt";"2022";"Dagbefolkning (arbejdsstedskommune)";"Aabenraa";15819;14589
"TOT Erhverv i alt";"2022";"Dagbefolkning (arbejdsstedskommune)";"Favrskov";11286;9624
"TOT Erhverv i alt";"2022";"Dagbefolkning (arbejdsstedskommune)";"Hedensted";13389;9631
"TOT Erhverv i alt";"2022";"Dagbefolkning (arbejdsstedskommune)";"Horsens";25592;23065
"TOT Erhverv i alt";"2022";"Dagbefolkning (arbejdsstedskommune)";"Norddjurs";8261;7492
"TOT Erhverv i alt";"2022";"Dagbefolkning (arbejdsstedskommune)";"Odder";4129;4130
"TOT Erhverv i alt";"2022";"Dagbefolkning (arbejdsstedskommune)";"Randers";21568;21950
"TOT Erhverv i alt";"2022";"Dagbefolkning (arbejdsstedskommune)";"Samsø";934;800
"TOT Erhverv i alt";"2022";"Dagbefolkning (arbejdsstedskommune)";"Silkeborg";23202;21102
"TOT Erhverv i alt";"2022";"Dagbefolkning (arbejdsstedskommune)";"Skanderborg";16242;13623
"TOT Erhverv i alt";"2022";"Dagbefolkning (arbejdsstedskommune)";"Syddjurs";7595;7567
"TOT Erhverv i alt";"2022";"Dagbefolkning (arbejdsstedskommune)";"Aarhus";118072;106980
"TOT Erhverv i alt";"2022";"Dagbefolkning (arbejdsstedskommune)";"Herning";27587;24971
"TOT Erhverv i alt";"2022";"Dagbefolkning (arbejdsstedskommune)";"Holstebro";16035;13680
"TOT Erhverv i alt";"2022";"Dagbefolkning (arbejdsstedskommune)";"Ikast-Brande";13373;11136
"TOT Erhverv i alt";"2022";"Dagbefolkning (arbejdsstedskommune)";"Lemvig";4990;4165
"TOT Erhverv i alt";"2022";"Dagbefolkning (arbejdsstedskommune)";"Ringkøbing-Skjern";17402;13888
"TOT Erhverv i alt";"2022";"Dagbefolkning (arbejdsstedskommune)";"Skive";12575;9573
"TOT Erhverv i alt";"2022";"Dagbefolkning (arbejdsstedskommune)";"Struer";4417;3979
"TOT Erhverv i alt";"2022";"Dagbefolkning (arbejdsstedskommune)";"Viborg";27387;24668
"TOT Erhverv i alt";"2022";"Dagbefolkning (arbejdsstedskommune)";"Brønderslev";6935;6762
"TOT Erhverv i alt";"2022";"Dagbefolkning (arbejdsstedskommune)";"Frederikshavn";15118;12329
"TOT Erhverv i alt";"2022";"Dagbefolkning (arbejdsstedskommune)";"Hjørring";15688;15591
"TOT Erhverv i alt";"2022";"Dagbefolkning (arbejdsstedskommune)";"Jammerbugt";7457;7094
"TOT Erhverv i alt";"2022";"Dagbefolkning (arbejdsstedskommune)";"Læsø";416;367
"TOT Erhverv i alt";"2022";"Dagbefolkning (arbejdsstedskommune)";"Mariagerfjord";11979;9763
"TOT Erhverv i alt";"2022";"Dagbefolkning (arbejdsstedskommune)";"Morsø";5391;4388
"TOT Erhverv i alt";"2022";"Dagbefolkning (arbejdsstedskommune)";"Rebild";7040;5597
"TOT Erhverv i alt";"2022";"Dagbefolkning (arbejdsstedskommune)";"Thisted";11964;10239
"TOT Erhverv i alt";"2022";"Dagbefolkning (arbejdsstedskommune)";"Vesthimmerlands";10021;8088
"TOT Erhverv i alt";"2022";"Dagbefolkning (arbejdsstedskommune)";"Aalborg";64191;57088
